{
    "v": "5.5.9",
    "fr": 24,
    "ip": 0,
    "op": 60,
    "w": 800,
    "h": 800,
    "nm": "Comp 1",
    "ddd": 0,
    "assets": [],
    "layers": [
        {
            "ddd": 0,
            "ind": 1,
            "ty": 4,
            "nm": "Shape Layer 2",
            "sr": 1,
            "ks": {
                "o": {
                    "a": 0,
                    "k": 100,
                    "ix": 11
                },
                "r": {
                    "a": 0,
                    "k": 0,
                    "ix": 10
                },
                "p": {
                    "a": 0,
                    "k": [
                        415.00000000000006,
                        382,
                        0
                    ],
                    "ix": 2
                },
                "a": {
                    "a": 0,
                    "k": [
                        0,
                        0,
                        0
                    ],
                    "ix": 1
                },
                "s": {
                    "a": 0,
                    "k": [
                        100,
                        100,
                        100
                    ],
                    "ix": 6
                }
            },
            "ao": 0,
            "shapes": [
                {
                    "ty": "gr",
                    "it": [
                        {
                            "ind": 0,
                            "ty": "sh",
                            "ix": 1,
                            "ks": {
                                "a": 0,
                                "k": {
                                    "i": [
                                        [
                                            0,
                                            0
                                        ],
                                        [
                                            -22,
                                            1
                                        ],
                                        [
                                            0,
                                            0
                                        ]
                                    ],
                                    "o": [
                                        [
                                            0,
                                            0
                                        ],
                                        [
                                            22,
                                            -1
                                        ],
                                        [
                                            0,
                                            0
                                        ]
                                    ],
                                    "v": [
                                        [
                                            -134,
                                            56
                                        ],
                                        [
                                            -74,
                                            108
                                        ],
                                        [
                                            72,
                                            -56
                                        ]
                                    ],
                                    "c": false
                                },
                                "ix": 2
                            },
                            "nm": "Path 1",
                            "mn": "ADBE Vector Shape - Group",
                            "hd": false
                        },
                        {
                            "ty": "st",
                            "c": {
                                "a": 0,
                                "k": [
                                    1,
                                    1,
                                    1,
                                    1
                                ],
                                "ix": 3
                            },
                            "o": {
                                "a": 0,
                                "k": 100,
                                "ix": 4
                            },
                            "w": {
                                "a": 0,
                                "k": 55,
                                "ix": 5
                            },
                            "lc": 2,
                            "lj": 1,
                            "ml": 4,
                            "bm": 0,
                            "nm": "Stroke 1",
                            "mn": "ADBE Vector Graphic - Stroke",
                            "hd": false
                        },
                        {
                            "ty": "tr",
                            "p": {
                                "a": 0,
                                "k": [
                                    0,
                                    0
                                ],
                                "ix": 2
                            },
                            "a": {
                                "a": 0,
                                "k": [
                                    0,
                                    0
                                ],
                                "ix": 1
                            },
                            "s": {
                                "a": 0,
                                "k": [
                                    85.449,
                                    85.449
                                ],
                                "ix": 3
                            },
                            "r": {
                                "a": 0,
                                "k": 0,
                                "ix": 6
                            },
                            "o": {
                                "a": 0,
                                "k": 100,
                                "ix": 7
                            },
                            "sk": {
                                "a": 0,
                                "k": 0,
                                "ix": 4
                            },
                            "sa": {
                                "a": 0,
                                "k": 0,
                                "ix": 5
                            },
                            "nm": "Transform"
                        }
                    ],
                    "nm": "Shape 1",
                    "np": 3,
                    "cix": 2,
                    "bm": 0,
                    "ix": 1,
                    "mn": "ADBE Vector Group",
                    "hd": false
                },
                {
                    "ty": "tm",
                    "s": {
                        "a": 1,
                        "k": [
                            {
                                "i": {
                                    "x": [
                                        0.853
                                    ],
                                    "y": [
                                        1
                                    ]
                                },
                                "o": {
                                    "x": [
                                        0.463
                                    ],
                                    "y": [
                                        0
                                    ]
                                },
                                "t": 22,
                                "s": [
                                    0
                                ]
                            },
                            {
                                "t": 36,
                                "s": [
                                    100
                                ]
                            }
                        ],
                        "ix": 1
                    },
                    "e": {
                        "a": 1,
                        "k": [
                            {
                                "i": {
                                    "x": [
                                        0
                                    ],
                                    "y": [
                                        1
                                    ]
                                },
                                "o": {
                                    "x": [
                                        0.333
                                    ],
                                    "y": [
                                        0
                                    ]
                                },
                                "t": 5,
                                "s": [
                                    0
                                ]
                            },
                            {
                                "t": 22,
                                "s": [
                                    100
                                ]
                            }
                        ],
                        "ix": 2
                    },
                    "o": {
                        "a": 0,
                        "k": 0,
                        "ix": 3
                    },
                    "m": 1,
                    "ix": 2,
                    "nm": "Trim Paths 1",
                    "mn": "ADBE Vector Filter - Trim",
                    "hd": false
                }
            ],
            "ip": 0,
            "op": 384,
            "st": 0,
            "bm": 0
        },
        {
            "ddd": 0,
            "ind": 2,
            "ty": 4,
            "nm": "3",
            "sr": 1,
            "ks": {
                "o": {
                    "a": 0,
                    "k": 100,
                    "ix": 11
                },
                "r": {
                    "a": 0,
                    "k": 0,
                    "ix": 10
                },
                "p": {
                    "a": 0,
                    "k": [
                        394,
                        396,
                        0
                    ],
                    "ix": 2
                },
                "a": {
                    "a": 0,
                    "k": [
                        -54.531,
                        27.469,
                        0
                    ],
                    "ix": 1
                },
                "s": {
                    "a": 0,
                    "k": [
                        152.399,
                        152.399,
                        100
                    ],
                    "ix": 6
                }
            },
            "ao": 0,
            "shapes": [
                {
                    "ty": "gr",
                    "it": [
                        {
                            "d": 1,
                            "ty": "el",
                            "s": {
                                "a": 0,
                                "k": [
                                    262.938,
                                    262.938
                                ],
                                "ix": 2
                            },
                            "p": {
                                "a": 0,
                                "k": [
                                    0,
                                    0
                                ],
                                "ix": 3
                            },
                            "nm": "Ellipse Path 1",
                            "mn": "ADBE Vector Shape - Ellipse",
                            "hd": false
                        },
                        {
                            "ty": "st",
                            "c": {
                                "a": 0,
                                "k": [
                                    0.13333333333333333,
                                    0.3411764705882353,
                                    0.47843137254901963,
                                    1
                                ],
                                "ix": 3
                            },
                            "o": {
                                "a": 0,
                                "k": 100,
                                "ix": 4
                            },
                            "w": {
                                "a": 0,
                                "k": 4,
                                "ix": 5
                            },
                            "lc": 2,
                            "lj": 1,
                            "ml": 4,
                            "bm": 0,
                            "nm": "Stroke 1",
                            "mn": "ADBE Vector Graphic - Stroke",
                            "hd": false
                        },
                        {
                            "ty": "tr",
                            "p": {
                                "a": 0,
                                "k": [
                                    -54.531,
                                    27.469
                                ],
                                "ix": 2
                            },
                            "a": {
                                "a": 0,
                                "k": [
                                    0,
                                    0
                                ],
                                "ix": 1
                            },
                            "s": {
                                "a": 0,
                                "k": [
                                    100,
                                    100
                                ],
                                "ix": 3
                            },
                            "r": {
                                "a": 0,
                                "k": 0,
                                "ix": 6
                            },
                            "o": {
                                "a": 0,
                                "k": 100,
                                "ix": 7
                            },
                            "sk": {
                                "a": 0,
                                "k": 0,
                                "ix": 4
                            },
                            "sa": {
                                "a": 0,
                                "k": 0,
                                "ix": 5
                            },
                            "nm": "Transform"
                        }
                    ],
                    "nm": "Ellipse 1",
                    "np": 3,
                    "cix": 2,
                    "bm": 0,
                    "ix": 1,
                    "mn": "ADBE Vector Group",
                    "hd": false
                },
                {
                    "ty": "tm",
                    "s": {
                        "a": 1,
                        "k": [
                            {
                                "i": {
                                    "x": [
                                        0.041
                                    ],
                                    "y": [
                                        1
                                    ]
                                },
                                "o": {
                                    "x": [
                                        0.333
                                    ],
                                    "y": [
                                        0
                                    ]
                                },
                                "t": 4,
                                "s": [
                                    0
                                ]
                            },
                            {
                                "i": {
                                    "x": [
                                        0.041
                                    ],
                                    "y": [
                                        1
                                    ]
                                },
                                "o": {
                                    "x": [
                                        0.333
                                    ],
                                    "y": [
                                        0
                                    ]
                                },
                                "t": 15,
                                "s": [
                                    100
                                ]
                            },
                            {
                                "i": {
                                    "x": [
                                        0.667
                                    ],
                                    "y": [
                                        1
                                    ]
                                },
                                "o": {
                                    "x": [
                                        0.959
                                    ],
                                    "y": [
                                        0
                                    ]
                                },
                                "t": 31,
                                "s": [
                                    100
                                ]
                            },
                            {
                                "t": 42,
                                "s": [
                                    0
                                ]
                            }
                        ],
                        "ix": 1
                    },
                    "e": {
                        "a": 1,
                        "k": [
                            {
                                "i": {
                                    "x": [
                                        0.093
                                    ],
                                    "y": [
                                        1
                                    ]
                                },
                                "o": {
                                    "x": [
                                        0.333
                                    ],
                                    "y": [
                                        0
                                    ]
                                },
                                "t": 0,
                                "s": [
                                    0
                                ]
                            },
                            {
                                "i": {
                                    "x": [
                                        0.093
                                    ],
                                    "y": [
                                        1
                                    ]
                                },
                                "o": {
                                    "x": [
                                        0.333
                                    ],
                                    "y": [
                                        0
                                    ]
                                },
                                "t": 12,
                                "s": [
                                    100
                                ]
                            },
                            {
                                "i": {
                                    "x": [
                                        0.667
                                    ],
                                    "y": [
                                        1
                                    ]
                                },
                                "o": {
                                    "x": [
                                        0.907
                                    ],
                                    "y": [
                                        0
                                    ]
                                },
                                "t": 27,
                                "s": [
                                    100
                                ]
                            },
                            {
                                "t": 39,
                                "s": [
                                    0
                                ]
                            }
                        ],
                        "ix": 2
                    },
                    "o": {
                        "a": 0,
                        "k": 0,
                        "ix": 3
                    },
                    "m": 1,
                    "ix": 2,
                    "nm": "Trim Paths 1",
                    "mn": "ADBE Vector Filter - Trim",
                    "hd": false
                }
            ],
            "ip": 0,
            "op": 384,
            "st": 0,
            "bm": 0
        },
        {
            "ddd": 0,
            "ind": 3,
            "ty": 4,
            "nm": "2",
            "sr": 1,
            "ks": {
                "o": {
                    "a": 0,
                    "k": 100,
                    "ix": 11
                },
                "r": {
                    "a": 0,
                    "k": 0,
                    "ix": 10
                },
                "p": {
                    "a": 0,
                    "k": [
                        394,
                        396,
                        0
                    ],
                    "ix": 2
                },
                "a": {
                    "a": 0,
                    "k": [
                        -54.531,
                        27.469,
                        0
                    ],
                    "ix": 1
                },
                "s": {
                    "a": 0,
                    "k": [
                        170.654,
                        170.654,
                        100
                    ],
                    "ix": 6
                }
            },
            "ao": 0,
            "shapes": [
                {
                    "ty": "gr",
                    "it": [
                        {
                            "d": 1,
                            "ty": "el",
                            "s": {
                                "a": 0,
                                "k": [
                                    262.938,
                                    262.938
                                ],
                                "ix": 2
                            },
                            "p": {
                                "a": 0,
                                "k": [
                                    0,
                                    0
                                ],
                                "ix": 3
                            },
                            "nm": "Ellipse Path 1",
                            "mn": "ADBE Vector Shape - Ellipse",
                            "hd": false
                        },
                        {
                            "ty": "st",
                            "c": {
                                "a": 0,
                                "k": [
                                    0.13333333333333333,
                                    0.3411764705882353,
                                    0.47843137254901963,
                                    1
                                ],
                                "ix": 3
                            },
                            "o": {
                                "a": 0,
                                "k": 100,
                                "ix": 4
                            },
                            "w": {
                                "a": 0,
                                "k": 4,
                                "ix": 5
                            },
                            "lc": 2,
                            "lj": 1,
                            "ml": 4,
                            "bm": 0,
                            "nm": "Stroke 1",
                            "mn": "ADBE Vector Graphic - Stroke",
                            "hd": false
                        },
                        {
                            "ty": "tr",
                            "p": {
                                "a": 0,
                                "k": [
                                    -54.531,
                                    27.469
                                ],
                                "ix": 2
                            },
                            "a": {
                                "a": 0,
                                "k": [
                                    0,
                                    0
                                ],
                                "ix": 1
                            },
                            "s": {
                                "a": 0,
                                "k": [
                                    100,
                                    100
                                ],
                                "ix": 3
                            },
                            "r": {
                                "a": 0,
                                "k": 0,
                                "ix": 6
                            },
                            "o": {
                                "a": 0,
                                "k": 100,
                                "ix": 7
                            },
                            "sk": {
                                "a": 0,
                                "k": 0,
                                "ix": 4
                            },
                            "sa": {
                                "a": 0,
                                "k": 0,
                                "ix": 5
                            },
                            "nm": "Transform"
                        }
                    ],
                    "nm": "Ellipse 1",
                    "np": 3,
                    "cix": 2,
                    "bm": 0,
                    "ix": 1,
                    "mn": "ADBE Vector Group",
                    "hd": false
                },
                {
                    "ty": "tm",
                    "s": {
                        "a": 1,
                        "k": [
                            {
                                "i": {
                                    "x": [
                                        0
                                    ],
                                    "y": [
                                        1
                                    ]
                                },
                                "o": {
                                    "x": [
                                        0.333
                                    ],
                                    "y": [
                                        0
                                    ]
                                },
                                "t": 6,
                                "s": [
                                    0
                                ]
                            },
                            {
                                "i": {
                                    "x": [
                                        0
                                    ],
                                    "y": [
                                        1
                                    ]
                                },
                                "o": {
                                    "x": [
                                        0.167
                                    ],
                                    "y": [
                                        0
                                    ]
                                },
                                "t": 20,
                                "s": [
                                    100
                                ]
                            },
                            {
                                "i": {
                                    "x": [
                                        0.667
                                    ],
                                    "y": [
                                        1
                                    ]
                                },
                                "o": {
                                    "x": [
                                        1
                                    ],
                                    "y": [
                                        0
                                    ]
                                },
                                "t": 33,
                                "s": [
                                    100
                                ]
                            },
                            {
                                "t": 47,
                                "s": [
                                    0
                                ]
                            }
                        ],
                        "ix": 1
                    },
                    "e": {
                        "a": 1,
                        "k": [
                            {
                                "i": {
                                    "x": [
                                        0
                                    ],
                                    "y": [
                                        1
                                    ]
                                },
                                "o": {
                                    "x": [
                                        0.333
                                    ],
                                    "y": [
                                        0
                                    ]
                                },
                                "t": 2,
                                "s": [
                                    0
                                ]
                            },
                            {
                                "i": {
                                    "x": [
                                        0
                                    ],
                                    "y": [
                                        1
                                    ]
                                },
                                "o": {
                                    "x": [
                                        0.167
                                    ],
                                    "y": [
                                        0
                                    ]
                                },
                                "t": 17,
                                "s": [
                                    100
                                ]
                            },
                            {
                                "i": {
                                    "x": [
                                        0.667
                                    ],
                                    "y": [
                                        1
                                    ]
                                },
                                "o": {
                                    "x": [
                                        1
                                    ],
                                    "y": [
                                        0
                                    ]
                                },
                                "t": 29,
                                "s": [
                                    100
                                ]
                            },
                            {
                                "t": 44,
                                "s": [
                                    0
                                ]
                            }
                        ],
                        "ix": 2
                    },
                    "o": {
                        "a": 1,
                        "k": [
                            {
                                "i": {
                                    "x": [
                                        0
                                    ],
                                    "y": [
                                        1
                                    ]
                                },
                                "o": {
                                    "x": [
                                        0.333
                                    ],
                                    "y": [
                                        0
                                    ]
                                },
                                "t": 0,
                                "s": [
                                    0
                                ]
                            },
                            {
                                "i": {
                                    "x": [
                                        0
                                    ],
                                    "y": [
                                        1
                                    ]
                                },
                                "o": {
                                    "x": [
                                        0.167
                                    ],
                                    "y": [
                                        0
                                    ]
                                },
                                "t": 12,
                                "s": [
                                    360
                                ]
                            },
                            {
                                "i": {
                                    "x": [
                                        0.667
                                    ],
                                    "y": [
                                        1
                                    ]
                                },
                                "o": {
                                    "x": [
                                        1
                                    ],
                                    "y": [
                                        0
                                    ]
                                },
                                "t": 27,
                                "s": [
                                    360
                                ]
                            },
                            {
                                "t": 39,
                                "s": [
                                    0
                                ]
                            }
                        ],
                        "ix": 3
                    },
                    "m": 1,
                    "ix": 2,
                    "nm": "Trim Paths 1",
                    "mn": "ADBE Vector Filter - Trim",
                    "hd": false
                }
            ],
            "ip": 0,
            "op": 384,
            "st": 0,
            "bm": 0
        },
        {
            "ddd": 0,
            "ind": 4,
            "ty": 4,
            "nm": "1",
            "sr": 1,
            "ks": {
                "o": {
                    "a": 0,
                    "k": 100,
                    "ix": 11
                },
                "r": {
                    "a": 0,
                    "k": 0,
                    "ix": 10
                },
                "p": {
                    "a": 0,
                    "k": [
                        394,
                        396,
                        0
                    ],
                    "ix": 2
                },
                "a": {
                    "a": 0,
                    "k": [
                        -54.531,
                        27.469,
                        0
                    ],
                    "ix": 1
                },
                "s": {
                    "a": 0,
                    "k": [
                        191.952,
                        191.952,
                        100
                    ],
                    "ix": 6
                }
            },
            "ao": 0,
            "shapes": [
                {
                    "ty": "gr",
                    "it": [
                        {
                            "d": 1,
                            "ty": "el",
                            "s": {
                                "a": 0,
                                "k": [
                                    262.938,
                                    262.938
                                ],
                                "ix": 2
                            },
                            "p": {
                                "a": 0,
                                "k": [
                                    0,
                                    0
                                ],
                                "ix": 3
                            },
                            "nm": "Ellipse Path 1",
                            "mn": "ADBE Vector Shape - Ellipse",
                            "hd": false
                        },
                        {
                            "ty": "st",
                            "c": {
                                "a": 0,
                                "k": [
                                    0.13333333333333333,
                                    0.3411764705882353,
                                    0.47843137254901963,
                                    1
                                ],
                                "ix": 3
                            },
                            "o": {
                                "a": 0,
                                "k": 100,
                                "ix": 4
                            },
                            "w": {
                                "a": 0,
                                "k": 4,
                                "ix": 5
                            },
                            "lc": 2,
                            "lj": 1,
                            "ml": 4,
                            "bm": 0,
                            "nm": "Stroke 1",
                            "mn": "ADBE Vector Graphic - Stroke",
                            "hd": false
                        },
                        {
                            "ty": "tr",
                            "p": {
                                "a": 0,
                                "k": [
                                    -54.531,
                                    27.469
                                ],
                                "ix": 2
                            },
                            "a": {
                                "a": 0,
                                "k": [
                                    0,
                                    0
                                ],
                                "ix": 1
                            },
                            "s": {
                                "a": 0,
                                "k": [
                                    100,
                                    100
                                ],
                                "ix": 3
                            },
                            "r": {
                                "a": 0,
                                "k": 0,
                                "ix": 6
                            },
                            "o": {
                                "a": 0,
                                "k": 100,
                                "ix": 7
                            },
                            "sk": {
                                "a": 0,
                                "k": 0,
                                "ix": 4
                            },
                            "sa": {
                                "a": 0,
                                "k": 0,
                                "ix": 5
                            },
                            "nm": "Transform"
                        }
                    ],
                    "nm": "Ellipse 1",
                    "np": 3,
                    "cix": 2,
                    "bm": 0,
                    "ix": 1,
                    "mn": "ADBE Vector Group",
                    "hd": false
                },
                {
                    "ty": "tm",
                    "s": {
                        "a": 1,
                        "k": [
                            {
                                "i": {
                                    "x": [
                                        0
                                    ],
                                    "y": [
                                        1
                                    ]
                                },
                                "o": {
                                    "x": [
                                        0.333
                                    ],
                                    "y": [
                                        0
                                    ]
                                },
                                "t": 10,
                                "s": [
                                    0
                                ]
                            },
                            {
                                "i": {
                                    "x": [
                                        0
                                    ],
                                    "y": [
                                        1
                                    ]
                                },
                                "o": {
                                    "x": [
                                        0.167
                                    ],
                                    "y": [
                                        0
                                    ]
                                },
                                "t": 24,
                                "s": [
                                    100
                                ]
                            },
                            {
                                "i": {
                                    "x": [
                                        0.667
                                    ],
                                    "y": [
                                        1
                                    ]
                                },
                                "o": {
                                    "x": [
                                        1
                                    ],
                                    "y": [
                                        0
                                    ]
                                },
                                "t": 36,
                                "s": [
                                    100
                                ]
                            },
                            {
                                "t": 50,
                                "s": [
                                    0
                                ]
                            }
                        ],
                        "ix": 1
                    },
                    "e": {
                        "a": 1,
                        "k": [
                            {
                                "i": {
                                    "x": [
                                        0
                                    ],
                                    "y": [
                                        1
                                    ]
                                },
                                "o": {
                                    "x": [
                                        0.333
                                    ],
                                    "y": [
                                        0
                                    ]
                                },
                                "t": 6,
                                "s": [
                                    0
                                ]
                            },
                            {
                                "i": {
                                    "x": [
                                        0
                                    ],
                                    "y": [
                                        1
                                    ]
                                },
                                "o": {
                                    "x": [
                                        0.167
                                    ],
                                    "y": [
                                        0
                                    ]
                                },
                                "t": 21,
                                "s": [
                                    100
                                ]
                            },
                            {
                                "i": {
                                    "x": [
                                        0.667
                                    ],
                                    "y": [
                                        1
                                    ]
                                },
                                "o": {
                                    "x": [
                                        1
                                    ],
                                    "y": [
                                        0
                                    ]
                                },
                                "t": 32,
                                "s": [
                                    100
                                ]
                            },
                            {
                                "t": 47,
                                "s": [
                                    0
                                ]
                            }
                        ],
                        "ix": 2
                    },
                    "o": {
                        "a": 1,
                        "k": [
                            {
                                "i": {
                                    "x": [
                                        0
                                    ],
                                    "y": [
                                        1
                                    ]
                                },
                                "o": {
                                    "x": [
                                        0.333
                                    ],
                                    "y": [
                                        0
                                    ]
                                },
                                "t": 4,
                                "s": [
                                    0
                                ]
                            },
                            {
                                "i": {
                                    "x": [
                                        0
                                    ],
                                    "y": [
                                        1
                                    ]
                                },
                                "o": {
                                    "x": [
                                        0.167
                                    ],
                                    "y": [
                                        0
                                    ]
                                },
                                "t": 16,
                                "s": [
                                    360
                                ]
                            },
                            {
                                "i": {
                                    "x": [
                                        0.667
                                    ],
                                    "y": [
                                        1
                                    ]
                                },
                                "o": {
                                    "x": [
                                        1
                                    ],
                                    "y": [
                                        0
                                    ]
                                },
                                "t": 30,
                                "s": [
                                    360
                                ]
                            },
                            {
                                "t": 42,
                                "s": [
                                    0
                                ]
                            }
                        ],
                        "ix": 3
                    },
                    "m": 1,
                    "ix": 2,
                    "nm": "Trim Paths 1",
                    "mn": "ADBE Vector Filter - Trim",
                    "hd": false
                }
            ],
            "ip": 0,
            "op": 384,
            "st": 0,
            "bm": 0
        },
        {
            "ddd": 0,
            "ind": 5,
            "ty": 4,
            "nm": "Shape Layer 1",
            "sr": 1,
            "ks": {
                "o": {
                    "a": 0,
                    "k": 100,
                    "ix": 11
                },
                "r": {
                    "a": 0,
                    "k": 0,
                    "ix": 10
                },
                "p": {
                    "a": 0,
                    "k": [
                        394,
                        396,
                        0
                    ],
                    "ix": 2
                },
                "a": {
                    "a": 0,
                    "k": [
                        -54.531,
                        27.469,
                        0
                    ],
                    "ix": 1
                },
                "s": {
                    "a": 1,
                    "k": [
                        {
                            "i": {
                                "x": [
                                    0,
                                    0,
                                    0.667
                                ],
                                "y": [
                                    1,
                                    1,
                                    1
                                ]
                            },
                            "o": {
                                "x": [
                                    0.333,
                                    0.333,
                                    0.333
                                ],
                                "y": [
                                    0,
                                    0,
                                    0
                                ]
                            },
                            "t": 0,
                            "s": [
                                0,
                                0,
                                100
                            ]
                        },
                        {
                            "i": {
                                "x": [
                                    0,
                                    0,
                                    0.667
                                ],
                                "y": [
                                    1,
                                    1,
                                    1
                                ]
                            },
                            "o": {
                                "x": [
                                    0.167,
                                    0.167,
                                    0.167
                                ],
                                "y": [
                                    0,
                                    0,
                                    0
                                ]
                            },
                            "t": 16,
                            "s": [
                                141.835,
                                141.835,
                                100
                            ]
                        },
                        {
                            "i": {
                                "x": [
                                    0.667,
                                    0.667,
                                    0.667
                                ],
                                "y": [
                                    1,
                                    1,
                                    1
                                ]
                            },
                            "o": {
                                "x": [
                                    1,
                                    1,
                                    0.333
                                ],
                                "y": [
                                    0,
                                    0,
                                    0
                                ]
                            },
                            "t": 27,
                            "s": [
                                141.835,
                                141.835,
                                100
                            ]
                        },
                        {
                            "t": 43,
                            "s": [
                                0,
                                0,
                                100
                            ]
                        }
                    ],
                    "ix": 6
                }
            },
            "ao": 0,
            "shapes": [
                {
                    "ty": "gr",
                    "it": [
                        {
                            "d": 1,
                            "ty": "el",
                            "s": {
                                "a": 0,
                                "k": [
                                    262.938,
                                    262.938
                                ],
                                "ix": 2
                            },
                            "p": {
                                "a": 0,
                                "k": [
                                    0,
                                    0
                                ],
                                "ix": 3
                            },
                            "nm": "Ellipse Path 1",
                            "mn": "ADBE Vector Shape - Ellipse",
                            "hd": false
                        },
                        {
                            "ty": "fl",
                            "c": {
                                "a": 0,
                                "k": [
                                    0.13333333333333333,
                                    0.3411764705882353,
                                    0.47843137254901963,
                                    1
                                ],
                                "ix": 4
                            },
                            "o": {
                                "a": 0,
                                "k": 100,
                                "ix": 5
                            },
                            "r": 1,
                            "bm": 0,
                            "nm": "Fill 1",
                            "mn": "ADBE Vector Graphic - Fill",
                            "hd": false
                        },
                        {
                            "ty": "tr",
                            "p": {
                                "a": 0,
                                "k": [
                                    -54.531,
                                    27.469
                                ],
                                "ix": 2
                            },
                            "a": {
                                "a": 0,
                                "k": [
                                    0,
                                    0
                                ],
                                "ix": 1
                            },
                            "s": {
                                "a": 0,
                                "k": [
                                    100,
                                    100
                                ],
                                "ix": 3
                            },
                            "r": {
                                "a": 0,
                                "k": 0,
                                "ix": 6
                            },
                            "o": {
                                "a": 0,
                                "k": 100,
                                "ix": 7
                            },
                            "sk": {
                                "a": 0,
                                "k": 0,
                                "ix": 4
                            },
                            "sa": {
                                "a": 0,
                                "k": 0,
                                "ix": 5
                            },
                            "nm": "Transform"
                        }
                    ],
                    "nm": "Ellipse 1",
                    "np": 3,
                    "cix": 2,
                    "bm": 0,
                    "ix": 1,
                    "mn": "ADBE Vector Group",
                    "hd": false
                }
            ],
            "ip": 0,
            "op": 384,
            "st": 0,
            "bm": 0
        }
    ],
    "markers": []
}